Rank,Club,Country,Level,Elo,From,To
1,Arsenal,ENG,1,2049.85546875,2026-04-16,2026-04-19
2,Bayern,GER,1,2020.93640137,2026-04-16,2026-04-19
3,Paris SG,FRA,1,1973.97595215,2026-04-15,2026-04-19
4,Barcelona,ESP,1,1972.5345459,2026-04-16,2026-04-22
5,Man City,ENG,1,1952.98376465,2026-04-16,2026-04-19
6,Real Madrid,ESP,1,1925.98571777,2026-04-16,2026-04-21
7,Liverpool,ENG,1,1914.78527832,2026-04-16,2026-04-19
8,Inter,ITA,1,1894.91027832,2026-04-13,2026-04-17
9,Aston Villa,ENG,1,1887.2878418,2026-04-17,2026-04-19
10,Man United,ENG,1,1868.84130859,2026-04-16,2026-04-18
11,Sporting,POR,1,1866.9161377,2026-04-16,2026-04-19
12,Atletico,ESP,1,1862.0098877,2026-04-16,2026-04-22
13,Chelsea,ENG,1,1856.92443848,2026-04-16,2026-04-18
14,Brighton,ENG,1,1850.4119873,2026-04-16,2026-04-18
15,Dortmund,GER,1,1845.94995117,2026-04-16,2026-04-18
16,Bournemouth,ENG,1,1836.5345459,2026-04-16,2026-04-18
17,Everton,ENG,1,1832.19482422,2026-04-16,2026-04-19
18,Newcastle,ENG,1,1832.00695801,2026-04-16,2026-04-18
19,Brentford,ENG,1,1831.18981934,2026-04-16,2026-04-18
20,Leverkusen,GER,1,1828.11315918,2026-04-16,2026-04-18
21,Benfica,POR,1,1816.85107422,2026-04-16,2026-04-19
22,Porto,POR,1,1808.77990723,2026-04-17,2026-04-19
23,Crystal Palace,ENG,1,1808.65332031,2026-04-17,2026-04-20
24,Napoli,ITA,1,1797.83776855,2026-04-15,2026-04-18
25,Fulham,ENG,1,1795.08947754,2026-04-16,2026-04-18
26,Juventus,ITA,1,1791.66296387,2026-04-15,2026-04-19
27,Forest,ENG,1,1788.96313477,2026-04-17,2026-04-19
28,Atalanta,ITA,1,1785.54418945,2026-04-12,2026-04-18
29,Milan,ITA,1,1781.1784668,2026-04-12,2026-04-19
30,RB Leipzig,GER,1,1776.65930176,2026-04-16,2026-04-18
31,Leeds,ENG,1,1776.54125977,2026-04-16,2026-04-18
32,Stuttgart,GER,1,1767.1854248,2026-04-16,2026-04-19
33,Villarreal,ESP,1,1765.92883301,2026-04-16,2026-04-23
34,Roma,ITA,1,1760.30712891,2026-04-13,2026-04-18
35,Lille,FRA,1,1753.45166016,2026-04-15,2026-04-18
36,West Ham,ENG,1,1752.77587891,2026-04-16,2026-04-20
37,PSV,NED,1,1751.23132324,2026-04-16,2026-04-23
38,Betis,ESP,1,1751.22485352,2026-04-17,2026-04-21
39,Como,ITA,1,1747.95324707,2026-04-13,2026-04-17
40,Lens,FRA,1,1745.7364502,2026-04-15,2026-04-17
41,Tottenham,ENG,1,1744.43786621,2026-04-16,2026-04-18
42,Marseille,FRA,1,1732.82055664,2026-04-15,2026-04-18
43,St Gillis,BEL,1,1731.5970459,2026-04-15,2026-04-19
44,Monaco,FRA,1,1730.30749512,2026-04-15,2026-04-19
45,Brugge,BEL,1,1729.94702148,2026-04-15,2026-04-19
46,Bodoe Glimt,NOR,1,1729.52062988,2026-04-16,2026-04-18
47,Lyon,FRA,1,1726.15527344,2026-04-15,2026-04-19
48,Freiburg,GER,1,1725.2265625,2026-04-17,2026-04-19
49,Sunderland,ENG,1,1712.67810059,2026-04-16,2026-04-19
50,Galatasaray,TUR,1,1709.40966797,2026-04-16,2026-04-18
51,Celta,ESP,1,1709.29394531,2026-04-17,2026-04-22
52,Strasbourg,FRA,1,1709.2376709,2026-04-17,2026-04-19
53,Braga,POR,1,1707.17370605,2026-04-17,2026-04-19
54,Rennes,FRA,1,1704.65576172,2026-04-15,2026-04-19
55,Hoffenheim,GER,1,1704.65515137,2026-04-16,2026-04-18
56,Mainz,GER,1,1703.83776855,2026-04-17,2026-04-19
57,Sociedad,ESP,1,1702.07775879,2026-04-16,2026-04-22
58,Bologna,ITA,1,1700.69152832,2026-04-17,2026-04-19
59,Lazio,ITA,1,1700.28833008,2026-04-14,2026-04-18
60,Bilbao,ESP,1,1697.30944824,2026-04-16,2026-04-21
61,Frankfurt,GER,1,1693.27978516,2026-04-16,2026-04-18
62,Osasuna,ESP,1,1693.07446289,2026-04-16,2026-04-21
63,Wolves,ENG,1,1689.04675293,2026-04-16,2026-04-18
64,Midtjylland,DEN,1,1675.82055664,2026-04-14,2026-04-20
65,Getafe,ESP,1,1671.29345703,2026-04-16,2026-04-22
66,Burnley,ENG,1,1669.7277832,2026-04-16,2026-04-19
67,Slavia Praha,CZE,1,1669.66625977,2026-04-16,2026-04-19
68,Girona,ESP,1,1669.52209473,2026-04-16,2026-04-21
69,Rayo Vallecano,ESP,1,1669.07666016,2026-04-17,2026-04-23
70,Fenerbahce,TUR,1,1668.17712402,2026-04-12,2026-04-17
71,Fiorentina,ITA,1,1667.91052246,2026-04-17,2026-04-20
72,Valencia,ESP,1,1665.16125488,2026-04-16,2026-04-21
73,Olympiakos,GRE,1,1663.64172363,2026-04-14,2026-04-19
74,Zenit,RUS,1,1657.19775391,2026-04-16,2026-05-12
75,Mallorca,ESP,1,1656.72229004,2026-04-16,2026-04-21
76,Udinese,ITA,1,1652.25720215,2026-04-13,2026-04-18
77,Brest,FRA,1,1643.16931152,2026-04-15,2026-04-19
78,Coventry,ENG,2,1632.91967773,2026-04-16,2026-04-17
79,FC Krasnodar,RUS,1,1632.22900391,2026-04-16,2026-05-12
80,Espanyol,ESP,1,1631.86474609,2026-04-16,2026-04-23
81,Alaves,ESP,1,1631.72729492,2026-04-16,2026-04-21
82,Genoa,ITA,1,1631.36132812,2026-04-15,2026-04-19
83,Toulouse,FRA,1,1629.29504395,2026-04-15,2026-04-17
84,Torino,ITA,1,1628.68908691,2026-04-13,2026-04-19
85,Sevilla,ESP,1,1626.44152832,2026-04-16,2026-04-23
86,Gladbach,GER,1,1625.64648438,2026-04-16,2026-04-19
87,Lorient,FRA,1,1624.39733887,2026-04-15,2026-04-18
88,Sassuolo,ITA,1,1624.00622559,2026-04-13,2026-04-17
89,Ipswich,ENG,2,1623.66467285,2026-04-16,2026-04-19
90,AEK,GRE,1,1623.59326172,2026-04-17,2026-04-19
91,Augsburg,GER,1,1623.05090332,2026-04-16,2026-04-18
92,Werder,GER,1,1622.17822266,2026-04-16,2026-04-18
93,Southampton,ENG,2,1618.77783203,2026-04-16,2026-04-18
94,Levante,ESP,1,1615.34436035,2026-04-16,2026-04-23
95,Elche,ESP,1,1609.96777344,2026-04-16,2026-04-22
96,Union Berlin,GER,1,1608.55114746,2026-04-16,2026-04-18
97,PAOK,GRE,1,1600.47265625,2026-04-10,2026-04-19
98,Viking,NOR,1,1598.37988281,2026-04-13,2026-04-18
99,Oviedo,ESP,1,1595.08496094,2026-04-16,2026-04-23
100,Hamburg,GER,1,1594.71118164,2026-04-16,2026-04-18
None,Koeln,GER,1,1592.51806641,2026-04-16,2026-04-17
None,Feyenoord,NED,1,1592.03149414,2026-04-13,2026-04-25
None,Paris FC,FRA,1,1591.56542969,2026-04-15,2026-04-19
None,Parma,ITA,1,1589.2598877,2026-04-13,2026-04-18
None,Aarhus,DEN,1,1587.38146973,2026-04-11,2026-04-20
None,Venezia,ITA,2,1586.6607666,2026-04-12,2026-04-18
None,Crvena Zvezda,SRB,1,1586.54101562,2026-04-10,2026-04-18
None,Ajax,NED,1,1585.13244629,2026-04-12,2026-04-25
None,Genk,BEL,1,1584.94702148,2026-04-13,2026-04-18
None,Shakhtar,UKR,1,1584.92114258,2026-04-17,2026-04-20
None,Auxerre,FRA,1,1581.63916016,2026-04-15,2026-04-19
None,Wolfsburg,GER,1,1581.29187012,2026-04-16,2026-04-18
None,Millwall,ENG,2,1574.80383301,2026-04-16,2026-04-18
None,Dinamo Zagreb,CRO,1,1573.92895508,2026-04-14,2026-04-18
None,Nice,FRA,1,1572.59716797,2026-04-15,2026-04-18
None,St Pauli,GER,1,1571.81982422,2026-04-16,2026-04-17
None,Cagliari,ITA,1,1570.9140625,2026-04-12,2026-04-17
None,Famalicao,POR,1,1569.24353027,2026-04-16,2026-04-19
None,Twente,NED,1,1569.05126953,2026-04-11,2026-04-25
None,Middlesbrough,ENG,2,1566.09228516,2026-04-16,2026-04-19
None,Panathinaikos,GRE,1,1563.7689209,2026-04-10,2026-04-19
None,Viktoria Plzen,CZE,1,1562.37158203,2026-04-13,2026-04-19
None,Las Palmas,ESP,2,1561.50720215,2026-04-16,2026-04-17
None,Paphos,CYP,0,1561.03283691,2026-03-20,2026-05-12
None,Trabzonspor,TUR,1,1560.3704834,2026-04-12,2026-04-19
None,Le Havre,FRA,1,1559.34545898,2026-04-15,2026-04-18
None,Eibar,ESP,2,1557.95507812,2026-04-16,2026-04-19
None,Almeria,ESP,2,1557.39233398,2026-04-16,2026-04-19
None,FC Kobenhavn,DEN,1,1557.01647949,2026-04-13,2026-04-19
None,Sparta Praha,CZE,1,1555.55651855,2026-04-13,2026-04-18
None,Lok Moskva,RUS,1,1555.28356934,2026-03-16,2026-05-12
None,CSKA Moskva,RUS,1,1554.62365723,2026-03-15,2026-05-12
None,Karabakh Agdam,AZE,0,1554.37609863,2026-02-25,2026-05-12
None,Santander,ESP,2,1553.72033691,2026-04-16,2026-04-17
None,Rangers,SCO,1,1552.81884766,2026-04-13,2026-05-12
None,Malaga,ESP,2,1551.45544434,2026-04-16,2026-04-19
None,Alkmaar,NED,1,1551.38781738,2026-04-17,2026-04-23
None,Spartak Moskva,RUS,1,1550.99316406,2026-03-15,2026-05-12
None,Celtic,SCO,1,1547.65600586,2026-04-12,2026-05-12
None,Monza,ITA,2,1547.36254883,2026-04-12,2026-04-17
None,Angers,FRA,1,1546.81286621,2026-04-15,2026-04-18
None,Paderborn,GER,2,1546.18518066,2026-04-16,2026-04-18
None,Sheffield United,ENG,2,1543.92346191,2026-04-16,2026-04-18
None,Norwich,ENG,2,1543.56176758,2026-04-16,2026-04-18
None,Burgos,ESP,2,1543.25598145,2026-04-16,2026-04-18
None,Lecce,ITA,1,1542.859375,2026-04-13,2026-04-20
None,Nijmegen,NED,1,1541.38378906,2026-04-13,2026-04-25
None,Nordsjaelland,DEN,1,1540.51135254,2026-04-11,2026-04-19
None,Frosinone,ITA,2,1539.36047363,2026-04-11,2026-04-18
None,Dynamo Moskva,RUS,1,1538.52539062,2026-03-15,2026-05-12
None,Castellon,ESP,2,1538.32116699,2026-04-16,2026-04-18
None,Heidenheim,GER,1,1536.31665039,2026-04-16,2026-04-19
None,Saint-Etienne,FRA,2,1535.73144531,2026-04-15,2026-04-18
None,Besiktas,TUR,1,1535.2244873,2026-04-11,2026-04-19
None,Anderlecht,BEL,1,1534.46105957,2026-04-13,2026-04-18
None,Reims,FRA,2,1533.00793457,2026-04-15,2026-04-18
None,Derby,ENG,2,1532.73535156,2026-04-16,2026-04-18
None,Depor,ESP,2,1532.3034668,2026-04-16,2026-04-20
None,Mjaellby,SWE,1,1531.88842773,2026-04-12,2026-04-18
None,Guimaraes,POR,1,1531.79296875,2026-04-16,2026-04-18
None,Gil Vicente,POR,1,1530.52575684,2026-04-16,2026-04-18
None,Brondby,DEN,1,1530.17321777,2026-04-13,2026-04-17
None,Hannover,GER,2,1528.76208496,2026-04-16,2026-04-18
None,Hull,ENG,2,1527.3112793,2026-04-16,2026-04-18
None,St Truiden,BEL,1,1527.16125488,2026-04-12,2026-04-19
None,Utrecht,NED,1,1526.66687012,2026-04-12,2026-04-26
None,Cremonese,ITA,1,1524.89050293,2026-04-12,2026-04-19
None,Leganes,ESP,2,1524.15820312,2026-04-16,2026-04-17
None,Hammarby,SWE,1,1522.13024902,2026-04-14,2026-04-18
None,Brann,NOR,1,1521.97753906,2026-04-13,2026-04-18
None,Elversberg,GER,2,1520.60339355,2026-04-16,2026-04-17
None,Nantes,FRA,1,1520.20568848,2026-04-15,2026-04-19
None,Granada,ESP,2,1518.93286133,2026-04-16,2026-04-19
None,Schalke,GER,2,1517.90161133,2026-04-16,2026-04-19
None,Ferencvaros,HUN,1,1517.87731934,2026-04-15,2026-04-19
None,Palermo,ITA,2,1515.46740723,2026-04-11,2026-04-18
None,Swansea,ENG,2,1514.51342773,2026-04-16,2026-04-18
None,Lech,POL,1,1507.81481934,2026-04-13,2026-04-18
None,Westerlo,BEL,1,1507.37988281,2026-04-12,2026-04-18
None,Viborg,DEN,1,1507.05065918,2026-04-13,2026-04-19
None,Wrexham,ENG,2,1506.93725586,2026-04-16,2026-04-18
None,Tromso,NOR,1,1506.88110352,2026-04-16,2026-04-19
None,Estoril,POR,1,1504.79052734,2026-04-16,2026-04-20
None,Hertha,GER,2,1504.27502441,2026-04-16,2026-04-19
None,Mechelen,BEL,1,1504.02893066,2026-04-13,2026-04-18
None,Bristol City,ENG,2,1503.86242676,2026-04-16,2026-04-18
None,QPR,ENG,2,1501.73974609,2026-04-16,2026-04-18
None,Gent,BEL,1,1501.43505859,2026-04-13,2026-04-19
None,Metz,FRA,1,1500.46618652,2026-04-15,2026-04-19
None,Rakow,POL,1,1500.26745605,2026-04-13,2026-04-19
None,Darmstadt,GER,2,1499.22229004,2026-04-16,2026-04-19
None,Bueyueksehir,TUR,1,1499.14978027,2026-04-12,2026-04-19
None,Verona,ITA,1,1498.87341309,2026-04-12,2026-04-19
None,Troyes,FRA,2,1496.40258789,2026-04-15,2026-04-18
None,Larnaca,CYP,0,1494.35534668,2026-03-20,2026-05-12
None,Albacete,ESP,2,1493.62329102,2026-04-16,2026-04-19
None,Bochum,GER,2,1493.55932617,2026-04-16,2026-04-18
None,Pisa,ITA,1,1491.93896484,2026-04-11,2026-04-19
None,Leicester,ENG,2,1490.0032959,2026-04-16,2026-04-18
None,Watford,ENG,2,1489.7220459,2026-04-16,2026-04-18
None,Djurgarden,SWE,1,1489.67224121,2026-04-13,2026-04-17
None,Gijon,ESP,2,1487.75671387,2026-04-16,2026-04-19
None,Moreirense,POR,1,1487.16967773,2026-04-16,2026-04-20
None,Andorra CF,ESP,2,1487.09387207,2026-04-16,2026-04-19
None,Preston,ENG,2,1486.4317627,2026-04-16,2026-04-18
None,Salzburg,AUT,1,1485.87390137,2026-04-11,2026-04-19
None,Baltika,RUS,1,1484.52709961,2026-03-15,2026-05-12
None,Arouca,POR,1,1483.37121582,2026-04-16,2026-04-19
None,Stoke,ENG,2,1482.71337891,2026-04-16,2026-04-18
None,Lautern,GER,2,1481.89868164,2026-04-16,2026-04-17
None,Antwerp,BEL,1,1481.38757324,2026-04-11,2026-04-18
None,Sturm Graz,AUT,1,1481.16455078,2026-04-13,2026-04-19
None,Birmingham,ENG,2,1480.19799805,2026-04-16,2026-04-18
None,West Brom,ENG,2,1479.97338867,2026-04-16,2026-04-18
None,Portsmouth,ENG,2,1479.01599121,2026-04-16,2026-04-18
None,SonderjyskE,DEN,1,1478.38317871,2026-04-13,2026-04-17
None,Aris Limassol,CYP,0,1478.18310547,2026-03-20,2026-05-12
None,Charleroi,BEL,1,1474.46313477,2026-04-11,2026-04-18
None,Blackburn,ENG,2,1474.3067627,2026-04-16,2026-04-17
None,Standard,BEL,1,1474.21459961,2026-04-12,2026-04-18
None,Le Mans,FRA,2,1472.92211914,2026-04-15,2026-04-17
None,Catanzaro,ITA,2,1471.38354492,2026-04-15,2026-04-18
None,Montpellier,FRA,2,1470.68347168,2026-04-15,2026-04-17
None,Cordoba,ESP,2,1470.60522461,2026-04-16,2026-04-18
None,Heerenveen,NED,1,1470.50646973,2026-04-13,2026-04-25
None,Rodez,FRA,2,1469.4317627,2026-04-15,2026-04-17
None,Craiova,ROM,1,1468.96166992,2026-04-14,2026-04-19
None,Jagiellonia,POL,1,1466.0111084,2026-04-11,2026-04-19
None,Oxford,ENG,2,1464.66882324,2026-04-16,2026-04-18
None,Thun,SUI,1,1464.59472656,2026-04-12,2026-04-18
None,Rio Ave,POR,1,1464.27685547,2026-04-16,2026-04-17
None,Randers,DEN,1,1463.93115234,2026-04-13,2026-04-19
None,Holstein,GER,2,1463.89074707,2026-04-16,2026-04-17
None,Beer-Sheva,ISR,1,1461.97460938,2026-04-13,2026-04-18
None,StGallen,SUI,1,1461.39147949,2026-04-13,2026-04-26
None,Basel,SUI,1,1460.3079834,2026-04-12,2026-04-18
None,Santa Clara,POR,1,1459.64599609,2026-04-16,2026-04-18
None,Hearts,SCO,1,1458.99316406,2026-04-12,2026-05-12
None,Karlsruhe,GER,2,1458.54577637,2026-04-16,2026-04-17
None,Cercle Brugge,BEL,1,1457.72412109,2026-04-12,2026-04-19
None,Omonia,CYP,0,1456.90478516,2026-03-20,2026-05-12
None,Razgrad,BUL,1,1456.18762207,2026-04-16,2026-05-12
None,Sociedad B,ESP,2,1454.42529297,2026-04-16,2026-04-17
None,Jablonec,CZE,1,1453.4251709,2026-04-12,2026-04-18
None,Ceuta,ESP,2,1453.39489746,2026-04-16,2026-04-18
None,Mirandes,ESP,2,1453.08276367,2026-04-16,2026-04-20
None,Molde,NOR,1,1452.12683105,2026-04-13,2026-04-19
None,Rubin Kazan,RUS,1,1449.72570801,2026-03-16,2026-05-12
None,Charlton,ENG,2,1449.39929199,2026-04-16,2026-04-18
None,Go Ahead Eagles,NED,1,1449.34472656,2026-04-12,2026-04-23
None,Goeztepe,TUR,1,1448.67370605,2026-04-13,2026-04-18
None,Sparta Rotterdam,NED,1,1448.23486328,2026-04-12,2026-04-22
None,Alverca,POR,1,1447.68261719,2026-04-16,2026-04-18
None,Valladolid,ESP,2,1446.07043457,2026-04-16,2026-04-19
None,Modena,ITA,2,1445.75134277,2026-04-15,2026-04-18
None,Leuven,BEL,1,1443.76135254,2026-04-13,2026-04-18
None,Young Boys,SUI,1,1442.58911133,2026-04-13,2026-04-26
None,Groningen,NED,1,1441.89099121,2026-04-12,2026-04-25
None,Legia,POL,1,1441.56274414,2026-04-12,2026-04-17
None,Dynamo Kyiv,UKR,1,1440.63110352,2026-04-12,2026-04-17
None,Nuernberg,GER,2,1439.46557617,2026-04-16,2026-04-18
None,Celje,SVN,1,1438.01208496,2026-04-16,2026-04-19
None,Hajduk,CRO,1,1437.89404297,2026-04-13,2026-04-17
None,Slovan Liberec,CZE,1,1437.30383301,2026-04-13,2026-04-18
None,Annecy,FRA,2,1437.00500488,2026-04-15,2026-04-17
None,Dunkerque,FRA,2,1436.24597168,2026-04-15,2026-04-20
None,Casa Pia,POR,1,1434.97558594,2026-04-16,2026-04-18
None,Gyoer,HUN,1,1434.87609863,2026-04-11,2026-04-19
None,CFR Cluj,ROM,1,1434.60058594,2026-04-13,2026-05-12
None,Universitatea Cluj,ROM,1,1434.51635742,2026-04-14,2026-04-18
None,Juve Stabia,ITA,2,1434.31323242,2026-04-12,2026-04-18
None,Gornik,POL,1,1433.55895996,2026-04-12,2026-04-18
None,Lugano,SUI,1,1433.07189941,2026-04-12,2026-04-25
None,Fredrikstad,NOR,1,1432.41552734,2026-04-13,2026-04-19
None,Levski,BUL,1,1430.70959473,2026-04-14,2026-05-12
None,Magdeburg,GER,2,1429.79089355,2026-04-16,2026-04-18
None,Cadiz,ESP,2,1428.66650391,2026-04-16,2026-04-19
None,Zaragoza,ESP,2,1428.23742676,2026-04-16,2026-04-18
None,Nacional,POR,1,1427.80944824,2026-04-16,2026-04-18
None,Malmoe,SWE,1,1426.48278809,2026-04-13,2026-04-17
None,M Tel Aviv,ISR,1,1424.82678223,2026-04-13,2026-04-19
None,Rostov,RUS,1,1424.74597168,2026-03-15,2026-05-12
None,LASK,AUT,1,1424.33056641,2026-04-11,2026-04-19
None,Red Star,FRA,2,1424.01062012,2026-04-15,2026-04-18
None,Rosenborg,NOR,1,1423.6295166,2026-04-13,2026-04-18
None,Odense,DEN,1,1421.31628418,2026-04-13,2026-04-19
None,Silkeborg,DEN,1,1421.2520752,2026-04-13,2026-04-19
None,Empoli,ITA,2,1421.19348145,2026-04-13,2026-04-19
None,Huesca,ESP,2,1420.82580566,2026-04-16,2026-04-19
None,Guingamp,FRA,2,1419.94091797,2026-04-15,2026-04-17
None,Sandefjord,NOR,1,1419.82910156,2026-04-13,2026-04-18
None,Duesseldorf,GER,2,1419.2277832,2026-04-16,2026-04-18
None,Steaua,ROM,1,1419.08129883,2026-04-12,2026-04-20
None,Sarpsborg,NOR,1,1418.76696777,2026-04-16,2026-04-19
None,Alanyaspor,TUR,1,1418.26196289,2026-04-12,2026-04-19
None,Pogon,POL,1,1417.86901855,2026-04-14,2026-04-18
None,Samsunspor,TUR,1,1416.95629883,2026-04-14,2026-04-19
None,Rizespor,TUR,1,1416.36303711,2026-04-14,2026-04-17
None,Piast Gliwice,POL,1,1416.07470703,2026-04-14,2026-04-20
None,Hradec Kralove,CZE,1,1415.91333008,2026-04-12,2026-04-19
None,Suedtirol,ITA,2,1415.2467041,2026-04-12,2026-04-18
None,Katowice,POL,1,1415.18676758,2026-04-13,2026-04-17
None,Austria Wien,AUT,1,1415.02905273,2026-04-13,2026-04-19
None,Lechia,POL,1,1413.16589355,2026-04-11,2026-04-20
None,Servette,SUI,1,1410.98413086,2026-04-13,2026-05-12
None,Estrela Amadora,POR,1,1410.74084473,2026-04-16,2026-04-19
None,Lubin,POL,1,1410.31665039,2026-04-12,2026-04-17
None,Dresden,GER,2,1409.88342285,2026-04-16,2026-04-18
None,Sion,SUI,1,1408.72558594,2026-04-13,2026-04-26
None,Rijeka,CRO,1,1407.01257324,2026-04-13,2026-04-18
None,Terek Grozny,RUS,1,1406.51818848,2026-03-16,2026-05-12
None,Carrarese,ITA,2,1406.49597168,2026-04-13,2026-04-19
None,Cracovia,POL,1,1406.24853516,2026-04-13,2026-04-19
None,Levadeiakos,GRE,1,1405.63952637,2026-04-10,2026-04-18
None,Sampdoria,ITA,2,1403.70874023,2026-04-12,2026-04-17
None,Zwolle,NED,1,1402.82287598,2026-04-13,2026-04-23
None,GAIS,SWE,1,1400.6340332,2026-04-13,2026-04-19
None,Hibernian,SCO,1,1400.40454102,2026-04-12,2026-05-12
None,Valerenga,NOR,1,1399.46740723,2026-04-13,2026-04-19
None,Konyaspor,TUR,1,1398.50976562,2026-04-13,2026-04-17
None,AIK,SWE,1,1398.11816406,2026-04-14,2026-04-19
None,Korona,POL,1,1398.10546875,2026-04-11,2026-04-18
None,IK Sirius,SWE,1,1398.06188965,2026-04-14,2026-04-18
None,Aris,GRE,1,1397.16943359,2026-04-10,2026-04-18
None,Mantova,ITA,2,1396.27441406,2026-04-13,2026-05-12
None,Motor Lublin,POL,1,1394.3560791,2026-04-13,2026-04-17
None,Radomiak,POL,1,1393.06225586,2026-04-12,2026-04-18
None,Sittard,NED,1,1391.87670898,2026-04-13,2026-04-25
None,Pau,FRA,2,1391.69006348,2026-04-15,2026-04-17
None,Luzern,SUI,1,1389.74804688,2026-04-13,2026-04-25
None,Zulte Waregem,BEL,1,1389.60510254,2026-04-13,2026-04-19
None,Bielefeld,GER,2,1388.87133789,2026-04-16,2026-04-18
None,Goeteborg,SWE,1,1387.78723145,2026-04-12,2026-04-18
None,Beitar,ISR,1,1387.76171875,2026-04-13,2026-04-19
None,Ham-Kam,NOR,1,1387.66638184,2026-04-13,2026-04-19
None,Elfsborg,SWE,1,1386.83862305,2026-04-12,2026-04-17
None,Fuerth,GER,2,1386.44714355,2026-04-16,2026-04-19
None,Polissya Zhytomyr,UKR,1,1386.08251953,2026-04-11,2026-04-20
None,Tondela,POR,1,1385.92358398,2026-04-16,2026-04-19
None,Boulogne,FRA,2,1385.68115234,2026-04-15,2026-04-18
None,Leonesa,ESP,2,1384.4942627,2026-04-16,2026-04-18
None,Rapid Bucuresti,ROM,1,1383.67993164,2026-04-06,2026-04-19
None,Maccabi Haifa,ISR,1,1381.90686035,2026-04-13,2026-04-19
None,Rapid Wien,AUT,1,1381.59008789,2026-04-13,2026-04-19
None,Cesena,ITA,2,1381.31213379,2026-04-12,2026-04-18
None,Grenoble,FRA,2,1381.14880371,2026-04-15,2026-04-17
None,Kasimpasa,TUR,1,1379.85742188,2026-04-13,2026-04-19
None,Paksi,HUN,1,1379.52209473,2026-04-12,2026-04-19
None,Motherwell,SCO,1,1379.07324219,2026-04-12,2026-05-12
None,Gaziantep FK,TUR,1,1377.18493652,2026-04-14,2026-04-20
None,Sigma Olomouc,CZE,1,1376.88085938,2026-04-13,2026-04-19
None,RAAL,BEL,1,1376.27563477,2026-04-12,2026-04-19
None,Lausanne,SUI,1,1375.88635254,2026-04-13,2026-04-25
None,Muenster,GER,2,1375.60339355,2026-04-16,2026-04-19
None,Banik Ostrava,CZE,1,1375.13269043,2026-04-12,2026-04-18
None,Fredericia,DEN,1,1373.53344727,2026-04-14,2026-04-19
None,Braunschweig,GER,2,1371.05639648,2026-04-16,2026-04-19
None,Clermont,FRA,2,1370.07751465,2026-04-15,2026-04-17
None,Spezia,ITA,2,1369.95117188,2026-04-13,2026-04-18
None,Hartberg,AUT,1,1369.33312988,2026-04-13,2026-04-19
None,KFUM Oslo,NOR,1,1368.33569336,2026-04-13,2026-04-19
None,Zalaegerszegi,HUN,1,1367.81494141,2026-04-12,2026-04-18
None,Widzew,POL,1,1367.45471191,2026-04-12,2026-04-18
None,Mlada Boleslav,CZE,1,1367.02001953,2026-04-13,2026-04-18
None,Slovan Bratislava,SLK,0,1366.51843262,2026-01-01,2026-05-12
None,Kocaelispor,TUR,1,1366.38146973,2026-04-13,2026-04-18
None,Kryliya Sovetov,RUS,1,1366.14477539,2026-03-16,2026-05-12
None,Plock,POL,1,1365.8112793,2026-04-11,2026-04-19
None,CSKA Sofia,BUL,1,1365.76977539,2026-04-14,2026-05-12
None,Dender,BEL,1,1365.04968262,2026-04-13,2026-04-19
None,Haecken,SWE,1,1364.97998047,2026-04-12,2026-04-19
None,Puskas Akademia,HUN,1,1364.3828125,2026-04-15,2026-04-19
None,Atromitos,GRE,1,1362.03503418,2026-04-10,2026-04-18
None,Laval,FRA,2,1361.61022949,2026-04-15,2026-04-20
None,Bari,ITA,2,1361.00622559,2026-04-12,2026-04-18
None,Akron Togliatti,RUS,1,1360.69018555,2026-03-16,2026-05-12
None,Telstar,NED,1,1358.9810791,2026-04-12,2026-04-22
None,Bastia,FRA,2,1358.72302246,2026-04-15,2026-04-18
None,Pescara,ITA,2,1357.86193848,2026-04-12,2026-04-19
None,Avellino,ITA,2,1356.89697266,2026-04-12,2026-05-12
None,Maribor,SVN,1,1356.88342285,2026-04-15,2026-04-18
None,Vejle,DEN,1,1354.89697266,2026-04-14,2026-04-19
None,Entella,ITA,2,1351.94775391,2026-04-12,2026-04-19
None,FK Astana,KAZ,0,1351.5925293,2026-01-29,2026-05-12
None,Padova,ITA,2,1350.5135498,2026-04-13,2026-04-19
None,Wolfsberg,AUT,1,1348.66674805,2026-04-12,2026-04-18
None,Teplice,CZE,1,1347.62316895,2026-04-13,2026-04-18
None,Kristiansund,NOR,1,1344.93249512,2026-04-12,2026-04-19
None,Dinamo Bucuresti,ROM,1,1344.81726074,2026-04-13,2026-04-18
None,OFI,GRE,1,1343.28613281,2026-04-10,2026-04-18
None,Orenburg,RUS,1,1343.03881836,2026-03-14,2026-05-12
None,Partizan,SRB,1,1342.27941895,2026-04-10,2026-04-18
None,Volendam,NED,1,1340.00048828,2026-04-11,2026-04-26
None,Arka,POL,1,1339.81030273,2026-04-13,2026-04-19
None,Antalyaspor,TUR,1,1339.50146484,2026-04-11,2026-04-17
None,Dynamo Makhachkala,RUS,1,1339.20922852,2026-03-14,2026-05-12
None,Debrecen,HUN,1,1337.93127441,2026-04-14,2026-04-18
None,Nizhny Novgorod,RUS,1,1337.8013916,2026-03-16,2026-05-12
None,Sheriff Tiraspol,MOL,0,1337.35595703,2026-01-01,2026-05-12
None,Lillestrom,NOR,1,1337.0513916,2026-04-16,2026-04-19
None,Nancy,FRA,2,1335.81152344,2026-04-15,2026-04-17
None,Reggiana,ITA,2,1333.90466309,2026-04-13,2026-04-19
None,Trnava,SLK,0,1333.72814941,2026-01-01,2026-05-12
None,Zilina,SLK,0,1333.45056152,2026-01-01,2026-05-12
None,Excelsior,NED,1,1333.02124023,2026-04-13,2026-04-26
None,Varazdin,CRO,1,1332.93457031,2026-04-13,2026-04-17
None,Koper,SVN,1,1331.1262207,2026-04-15,2026-04-18
None,LNZ,UKR,1,1330.27490234,2026-04-14,2026-04-18
None,Kayseri,TUR,1,1330.03759766,2026-04-12,2026-04-20
None,AVS Futebol,POR,1,1329.46179199,2026-04-16,2026-04-17
None,Sheffield Weds,ENG,2,1328.5012207,2026-04-16,2026-04-18
None,Olimpija Ljubljana,SVN,1,1327.05773926,2026-04-16,2026-05-12
None,Istra 1961,CRO,1,1325.72009277,2026-04-12,2026-04-18
None,Karvina,CZE,1,1325.66027832,2026-04-13,2026-04-18
None,Lok Zagreb,CRO,1,1325.18591309,2026-04-12,2026-04-17
None,Kosice,SLK,0,1324.39245605,2026-01-01,2026-05-12
None,Zuerich,SUI,1,1323.30871582,2026-04-12,2026-04-25
None,Panetolikos,GRE,1,1321.98144531,2026-04-10,2026-04-18
None,Eyupspor,TUR,1,1320.98669434,2026-04-14,2026-04-18
None,Zira,AZE,0,1319.08630371,2026-02-25,2026-05-12
None,Breda,NED,1,1318.70043945,2026-04-13,2026-04-25
None,Genclerbirligi,TUR,1,1316.72680664,2026-04-12,2026-04-18
None,Pardubice,CZE,1,1315.65222168,2026-04-13,2026-04-19
None,H Tel Aviv,ISR,1,1315.50244141,2026-04-12,2026-04-19
None,Osijek,CRO,1,1315.00439453,2026-04-13,2026-04-17
None,Metalist 1925,UKR,1,1314.8614502,2026-04-12,2026-04-18
None,Amiens,FRA,2,1314.43444824,2026-04-15,2026-04-17
None,Nakchivan,AZE,0,1313.20251465,2026-02-25,2026-05-12
None,Shamrock,IRL,0,1313.01428223,2026-01-01,2026-05-12
None,Heracles,NED,1,1312.3927002,2026-04-12,2026-04-26
None,Sabah,AZE,0,1311.19018555,2026-02-25,2026-05-12
None,Slovacko,CZE,1,1310.50085449,2026-04-12,2026-04-19
None,Nieciecza,POL,1,1307.95178223,2026-04-12,2026-04-19
None,Altach,AUT,1,1306.67785645,2026-04-12,2026-04-18
None,Arges Pitesti,ROM,1,1306.64868164,2026-03-14,2026-05-12
None,Viitorul,ROM,1,1306.3692627,2026-04-11,2026-04-20
None,Start,NOR,1,1306.31323242,2026-04-12,2026-04-19
None,Dundee United,SCO,1,1305.89892578,2026-04-12,2026-05-12
None,UTA Arad,ROM,1,1305.83410645,2026-04-12,2026-04-17
None,HNK Gorica,CRO,1,1304.50598145,2026-04-13,2026-04-17
None,Bohemians Praha,CZE,1,1304.1138916,2026-04-12,2026-04-18
None,Wattens,AUT,1,1301.65478516,2026-04-12,2026-04-18
None,GAK,AUT,1,1300.91149902,2026-04-12,2026-04-17
None,Fatih Karaguemruek,TUR,1,1300.3894043,2026-04-13,2026-04-18
None,Ried,AUT,1,1299.67138672,2026-04-12,2026-04-17
None,Sochi,RUS,1,1297.66760254,2026-03-15,2026-05-12
None,Tescoma Zlin,CZE,1,1296.62011719,2026-04-12,2026-04-18
None,Kryvbas,UKR,1,1296.59570312,2026-04-13,2026-04-19
None,Kuopio,FIN,0,1296.51391602,2026-02-27,2026-05-12
None,Slaven Belupo,CRO,1,1296.36889648,2026-04-13,2026-04-17
None,Otelul Galati,ROM,1,1295.4440918,2026-04-12,2026-04-17
None,Kairat,KAZ,0,1294.38879395,2026-01-29,2026-05-12
None,Noah,ARM,0,1294.14245605,2026-02-27,2026-05-12
None,NFC Volos,GRE,1,1293.91662598,2026-04-10,2026-04-18
None,Novi Sad,SRB,1,1293.73632812,2026-04-09,2026-04-18
None,Aalesund,NOR,1,1292.34033203,2026-04-13,2026-04-18
None,Cherno More,BUL,1,1291.26806641,2026-04-16,2026-05-12
None,Brommapojkarna,SWE,1,1291.06005859,2026-04-14,2026-04-18
None,Pyunik,ARM,0,1286.7109375,2026-02-27,2026-05-12
None,Karpaty,UKR,1,1285.62719727,2026-04-12,2026-04-19
None,Falkirk,SCO,1,1285.19445801,2026-04-13,2026-05-12
None,Vikingur,ISL,0,1285.12316895,2026-01-01,2026-05-12
None,Grasshoppers,SUI,1,1284.73742676,2026-04-12,2026-04-25
None,Halmstad,SWE,1,1284.07617188,2026-04-13,2026-04-18
None,Botosani,ROM,1,1283.59924316,2026-04-12,2026-04-20
None,FK Riga,LAT,0,1283.32727051,2026-01-01,2026-05-12
None,Asteras Tripolis,GRE,1,1283.30383301,2026-04-10,2026-04-18
None,Zrinjski Mostar,BHZ,0,1283.0456543,2026-02-27,2026-05-12
None,Vaduz,LIE,0,1280.60302734,2026-02-27,2026-05-12
None,Nyiregyhaza,HUN,1,1279.70910645,2026-04-12,2026-04-17
None,Kolos,UKR,1,1279.1842041,2026-04-11,2026-04-18
None,St Patricks,IRL,0,1278.34521484,2026-01-01,2026-05-12
None,Kisvarda,HUN,1,1277.99389648,2026-04-14,2026-04-18
None,Kifisias,GRE,1,1277.16125488,2026-04-10,2026-04-18
None,CSKA 1948 Sofia,BUL,1,1275.86535645,2026-04-16,2026-05-12
None,Ujpest,HUN,1,1272.35095215,2026-04-12,2026-04-17
None,St Mirren,SCO,1,1268.54321289,2026-04-12,2026-05-12
None,Aarau,SUI,1,1267.46691895,2026-02-27,2026-05-12
None,Arda,BUL,1,1266.4239502,2026-04-16,2026-05-12
None,Aberdeen,SCO,1,1265.36364746,2026-04-12,2026-05-12
None,Petrolul Ploiesti,ROM,1,1265.1550293,2026-04-13,2026-04-19
None,Netanya,ISR,1,1264.02734375,2026-04-12,2026-04-18
None,Bravo,SVN,1,1263.74133301,2026-04-16,2026-04-19
None,Dundee,SCO,1,1263.6619873,2026-04-12,2026-05-12
None,MTK,HUN,1,1261.98364258,2026-04-12,2026-04-18
None,Zorya,UKR,1,1261.23059082,2026-04-13,2026-04-17
None,Dukla,CZE,1,1256.69848633,2026-04-13,2026-04-18
None,Vaesteras,SWE,1,1256.04211426,2026-04-12,2026-04-18
None,Kilmarnock,SCO,1,1252.33337402,2026-04-12,2026-05-12
None,Oergryte,SWE,1,1251.04174805,2026-04-12,2026-04-18
None,Degerfors,SWE,1,1249.2923584,2026-04-13,2026-04-17
None,BW Linz,AUT,1,1248.80358887,2026-04-12,2026-04-18
None,Winterthur,SUI,1,1248.19543457,2026-04-12,2026-05-12
None,HJK Helsinki,FIN,0,1246.64978027,2026-02-27,2026-05-12
None,Ararat,ARM,0,1246.33862305,2026-02-27,2026-05-12
None,Hapoel Jerusalem,ISR,1,1244.61853027,2026-04-13,2026-04-19
None,Larisa,GRE,1,1244.19519043,2026-04-10,2026-04-18
None,Diosgyori,HUN,1,1244.00708008,2026-04-11,2026-04-18
None,H Petach Tikva,ISR,1,1243.70812988,2026-04-12,2026-04-18
None,Aktobe,KAZ,0,1243.37133789,2026-01-29,2026-05-12
None,Drita,KOS,0,1242.50085449,2026-02-27,2026-05-12
None,Panserraikos,GRE,1,1242.37133789,2026-04-10,2026-04-18
None,Csikszereda,ROM,1,1242.19567871,2026-04-14,2026-04-18
None,Hapoel Haifa,ISR,1,1242.1237793,2026-04-12,2026-04-18
None,Hermannstadt,ROM,1,1241.62963867,2026-04-11,2026-04-19
None,Shelbourne,IRL,0,1240.87072754,2026-01-01,2026-05-12
None,Bnei Sakhinin,ISR,1,1239.03686523,2026-04-12,2026-04-18
None,Kalmar,SWE,1,1238.0390625,2026-04-13,2026-04-19
None,Zeleznicar Pancevo,SRB,1,1234.71728516,2026-04-09,2026-04-18
None,Derry City,IRL,0,1233.97888184,2026-01-01,2026-05-12
None,Breidablik,ISL,0,1231.23120117,2026-01-01,2026-05-12
None,Novi Pazar,SRB,1,1228.76159668,2026-04-10,2026-04-18
None,Shkendija,MAC,0,1226.55493164,2026-02-27,2026-05-12
None,RFS,LAT,0,1221.79467773,2026-01-01,2026-05-12
None,Olexandriya,UKR,1,1220.83007812,2026-04-12,2026-04-20
None,Veres,UKR,1,1218.32714844,2026-04-12,2026-04-20
None,Slavia Sofia,BUL,1,1217.88037109,2026-04-17,2026-05-12
None,Zeljeznicar,BHZ,0,1217.75280762,2026-02-27,2026-05-12
None,Lok Plovdiv,BUL,1,1215.64025879,2026-04-14,2026-05-12
None,Rukh Lviv,UKR,1,1212.57800293,2026-04-11,2026-04-19
None,Valur,ISL,0,1211.37255859,2026-01-01,2026-05-12
None,FK Sarajevo,BHZ,0,1211.23156738,2026-02-27,2026-05-12
None,Borac Banja Luka,BHZ,0,1210.83239746,2026-02-27,2026-05-12
None,Botev Plovdiv,BUL,1,1207.78710938,2026-04-15,2026-05-12
None,Ilves Tampere,FIN,0,1205.37280273,2026-02-27,2026-05-12
None,Unirea Slobozia,ROM,1,1204.96984863,2026-04-13,2026-04-18
None,Dinamo Minsk,BLR,0,1202.69592285,2026-01-01,2026-05-12
None,Ordabasy,KAZ,0,1202.21813965,2026-01-29,2026-05-12
None,Obolon Kyiv,UKR,1,1199.92858887,2026-04-12,2026-04-17
None,Ironi Tiberias,ISR,1,1199.63562012,2026-04-12,2026-04-18
None,Akureyri,ISL,0,1199.48815918,2026-01-01,2026-05-12
None,Cukaricki,SRB,1,1198.40136719,2026-04-10,2026-04-18
None,Kiryat Shmona,ISR,1,1195.73742676,2026-04-13,2026-04-19
None,Lok Sofia,BUL,1,1194.59875488,2026-04-15,2026-05-12
None,Radomlje,SVN,1,1192.72741699,2026-04-12,2026-04-18
None,Klaksvik,FAR,0,1189.47143555,2026-01-01,2026-05-12
None,Ballkani,KOS,0,1185.13781738,2026-02-27,2026-05-12
None,Ashdod,ISR,1,1184.84667969,2026-04-12,2026-04-18
None,Kazincbarcika,HUN,1,1184.09716797,2026-04-12,2026-04-18
None,Dinamo Tirana,ALB,0,1183.72375488,2026-01-01,2026-05-12
None,Seinajoki,FIN,0,1183.17419434,2026-02-27,2026-05-12
None,Kragujevac,SRB,1,1183.11962891,2026-04-10,2026-04-19
None,OFK,SRB,1,1181.86132812,2026-04-10,2026-04-18
None,Backa Topola,SRB,1,1180.64196777,2026-04-09,2026-04-19
None,Banants,ARM,0,1179.43408203,2026-02-27,2026-05-12
None,Auda,LAT,0,1179.07116699,2026-01-01,2026-05-12
None,Neman Grodno,BLR,0,1179.02661133,2026-01-01,2026-05-12
None,Daugavpils,LAT,0,1171.93493652,2026-01-01,2026-05-12
None,Episentr,UKR,1,1168.31286621,2026-04-13,2026-04-19
None,Zalgiris Vilnius,LIT,0,1167.50354004,2026-01-01,2026-05-12
None,Torpedo Kutaisi,GEO,0,1159.65441895,2026-01-01,2026-05-12
None,Botev Vratsa,BUL,1,1159.52758789,2026-04-15,2026-05-12
None,Petrocub,MOL,0,1159.45910645,2026-01-01,2026-05-12
None,Livingston,SCO,1,1158.9654541,2026-04-12,2026-05-12
None,Partizani Tirana,ALB,0,1158.83312988,2026-01-01,2026-05-12
None,Egnatia,ALB,0,1157.89318848,2026-01-01,2026-05-12
None,Mura,SVN,1,1157.72509766,2026-04-17,2026-04-19
None,IMT,SRB,1,1155.30126953,2026-04-09,2026-04-19
None,FC Spaeri,GEO,0,1150.32836914,2026-01-01,2026-05-12
None,Dila Gori,GEO,0,1149.45703125,2026-01-01,2026-05-12
None,Saburtalo,GEO,0,1149.44433594,2026-01-01,2026-05-12
None,Metaloglobus,ROM,1,1149.04150391,2026-04-14,2026-04-20
None,Vllaznia,ALB,0,1145.86279297,2026-01-01,2026-05-12
None,Radnik Surdulica,SRB,1,1142.07946777,2026-04-10,2026-04-18
None,Kudrivka,UKR,1,1141.66296387,2026-04-13,2026-04-18
None,Aluminij,SVN,1,1140.83886719,2026-04-17,2026-04-19
None,Primorje,SVN,1,1133.64685059,2026-04-16,2026-04-18
None,Kauno Zalgiris,LIT,0,1131.27331543,2026-01-01,2026-05-12
None,Flora Tallinn,EST,0,1130.34924316,2026-01-01,2026-05-12
None,Vukovar,CRO,1,1129.92480469,2026-04-14,2026-04-18
None,Levski Krumovgrad,BUL,1,1127.7421875,2026-02-27,2026-05-12
None,Dinamo Brest,BLR,0,1124.85290527,2026-01-01,2026-05-12
None,Zimbru,MOL,0,1121.74816895,2026-01-01,2026-05-12
None,Maccabi Bnei Raina,ISR,1,1119.54223633,2026-04-12,2026-04-18
None,Mladost Lucani,SRB,1,1119.34863281,2026-04-09,2026-04-19
None,Nis,SRB,1,1118.82897949,2026-04-09,2026-04-19
None,Hamrun,MLT,0,1116.77966309,2026-01-01,2026-05-12
None,Domzale,SVN,1,1115.6730957,2026-03-20,2026-05-12
None,Linfield,NIR,0,1112.89941406,2026-01-01,2026-05-12
None,Banga,LIT,0,1112.11181641,2026-01-01,2026-05-12
None,Torpedo Zhodino,BLR,0,1109.97851562,2026-01-01,2026-05-12
None,Ivanjica,SRB,1,1109.70727539,2026-04-09,2026-04-19
None,Milsami Orhei,MOL,0,1106.4597168,2026-01-01,2026-05-12
None,Beroe Stara Zagora,BUL,1,1106.36950684,2026-04-14,2026-05-12
None,Hegelmann,LIT,0,1105.8293457,2026-01-01,2026-05-12
None,Spartak Varna,BUL,1,1101.87072754,2026-04-17,2026-05-12
None,Vardar,MAC,0,1099.73193359,2026-02-27,2026-05-12
None,Decic,MNT,0,1098.27709961,2026-01-01,2026-05-12
None,Sileks,MAC,0,1091.06091309,2026-02-27,2026-05-12
None,Dobrudzha,BUL,1,1087.59558105,2026-04-15,2026-05-12
None,Septemvri Sofia,BUL,1,1082.59216309,2026-04-17,2026-05-12
None,Paide Linnameeskond,EST,0,1082.51757812,2026-01-01,2026-05-12
None,Sutjeska,MNT,0,1082.15710449,2026-01-01,2026-05-12
None,Rabotnicki,MAC,0,1081.38427734,2026-02-27,2026-05-12
None,Prishtine,KOS,0,1080.05285645,2026-02-27,2026-05-12
None,Zlatibor,SRB,1,1072.97546387,2026-04-10,2026-04-19
None,SK Poltava,UKR,1,1069.39331055,2026-04-11,2026-04-17
None,Nomme Kalju,EST,0,1067.46813965,2026-01-01,2026-05-12
None,The New Saints,WAL,0,1066.42773438,2026-01-01,2026-05-12
None,Lincoln,GIB,0,1065.0925293,2026-01-01,2026-05-12
None,Differdang,LUX,0,1064.40576172,2026-01-01,2026-05-12
None,Floriana,MLT,0,1063.39428711,2026-01-01,2026-05-12
None,Larne,NIR,0,1059.32751465,2026-01-01,2026-05-12
None,R Letzebuerg,LUX,0,1055.80249023,2026-01-01,2026-05-12
None,Hibernians Paola,MLT,0,1055.26086426,2026-01-01,2026-05-12
None,Blagoevgrad,BUL,1,1053.63269043,2026-02-27,2026-05-12
None,Malisheva,KOS,0,1053.15783691,2026-02-27,2026-05-12
None,Dungannon,NIR,0,1052.24328613,2026-01-01,2026-05-12
None,Birkirkara,MLT,0,1050.81774902,2026-01-01,2026-05-12
None,FC Infonet,EST,0,1050.10693359,2026-01-01,2026-05-12
None,HB Torshavn,FAR,0,1050.02612305,2026-01-01,2026-05-12
None,Una Strassen,LUX,0,1047.8717041,2026-01-01,2026-05-12
None,Runavik,FAR,0,1039.27258301,2026-01-01,2026-05-12
None,Hebar,BUL,1,1036.60644531,2026-02-27,2026-05-12
None,Dudelange,LUX,0,1035.68383789,2026-01-01,2026-05-12
None,Podgorica,MNT,0,1034.60522461,2026-01-01,2026-05-12
None,Gota,FAR,0,1033.25927734,2026-01-01,2026-05-12
None,Cliftonville,NIR,0,1032.94494629,2026-01-01,2026-05-12
None,Montana 1921,BUL,1,1028.23803711,2026-04-17,2026-05-12
None,Krusevac,SRB,1,1016.62011719,2026-04-09,2026-04-19
None,Escaldes,AND,0,1002.06817627,2026-01-01,2026-05-12
None,Penybont,WAL,0,988.081848145,2026-01-01,2026-05-12
None,Haverfordwest,WAL,0,985.360229492,2026-01-01,2026-05-12
None,St Josephs,GIB,0,968.097106934,2026-01-01,2026-05-12
None,Santa Coloma,AND,0,954.305236816,2026-01-01,2026-05-12
None,Atletic Club Escaldes,AND,0,944.222595215,2026-01-01,2026-05-12
None,FCB Magpies,GIB,0,935.020629883,2026-01-01,2026-05-12
None,SS Virtus,SMR,0,767.627746582,2026-01-01,2026-05-12
None,Tre Fiori,SMR,0,736.193237305,2026-01-01,2026-05-12
None,La Fiorita,SMR,0,716.190124512,2026-01-01,2026-05-12


